Request,Response_Code,Response_Message
/api/v1/addtocart,500,Internal Server Error
/api/v1/register,500,Internal Server Error
/api/v1/register,500,Internal Server Error
/api/v1/register,500,Internal Server Error
/api/v1/register,500,Internal Server Error
/api/v1/register,500,Internal Server Error
/api/v1/register,500,Internal Server Error
/api/v1/register,500,Internal Server Error
/api/v1/register,500,Internal Server Error
/api/v1/register,500,Internal Server Error
/api/v1/register,500,Internal Server Error
/api/v1/accounts/ee390253218ddd60:-3434ad07:1607ad58232:7852/enrollments,500,Internal Server Error
/api/v1/accounts/fac978dbf3c33db1:-78a2e901:1607ad58664:6cd9/enrollments,500,Internal Server Error
/api/v1/register,500,Internal Server Error
/api/v1/register,500,Internal Server Error
/api/v1/register,500,Internal Server Error
/api/v1/register,500,Internal Server Error
/api/v1/register,500,Internal Server Error
/api/v1/register,500,Internal Server Error
/api/v1/register,500,Internal Server Error
/api/v1/accounts/**Guid not found,400,Bad Request
/api/v1/accounts/**Guid not found,400,Bad Request
/api/v1/register,500,Internal Server Error
/api/v1/register,500,Internal Server Error
/api/v1/public/accounts/checkNewAccount,500,Internal Server Error
/api/v1/public/accounts/checkNewAccount,500,Internal Server Error
/api/v1/register,500,Internal Server Error
/api/v1/register,500,Internal Server Error
/api/v1/register,500,Internal Server Error
/api/v1/register,500,Internal Server Error
/api/v1/register,500,Internal Server Error
/api/v1,500,Internal Server Error
/api/v1/accounts/**Guid not found,400,Bad Request
/api/v1,500,Internal Server Error
/api/v1,500,Internal Server Error
/api/v1/public/accounts/checkNewAccount,500,Internal Server Error
/api/v1/register,500,Internal Server Error
/api/v1/register,500,Internal Server Error
/api/v1/register,500,Internal Server Error
/api/v1/register,500,Internal Server Error
/api/v1/register,500,Internal Server Error
/api/v1/register,500,Internal Server Error
/api/v1/register,500,Internal Server Error
/api/v1/register,500,Internal Server Error
/api/v1/register,500,Internal Server Error
/api/v1/register,500,Internal Server Error
/api/v1/accounts/**Guid not found,400,Bad Request
/api/v1/accounts/**Guid not found,400,Bad Request
/api/v1/register,500,Internal Server Error
/api/v1/register,500,Internal Server Error
/api/v1/register,500,Internal Server Error
/api/v1/accounts/**Guid not found,400,Bad Request
/api/v1/register,500,Internal Server Error
/api/v1/register,500,Internal Server Error
/api/v1,500,Internal Server Error
/api/v1/register,500,Internal Server Error
/api/v1,500,Internal Server Error
/api/v1,500,Internal Server Error
/api/v1/register,500,Internal Server Error
/api/v1,500,Internal Server Error
/api/v1/register,500,Internal Server Error
/api/v1/accounts/**Guid not found,400,Bad Request
/api/v1/register,500,Internal Server Error
/api/v1/register,500,Internal Server Error
/api/v1/register,500,Internal Server Error
/api/v1/register,500,Internal Server Error
/api/v1/register,500,Internal Server Error
/api/v1/register,500,Internal Server Error
/api/v1/register,500,Internal Server Error
/api/v1/register,500,Internal Server Error
/api/v1/register,500,Internal Server Error
/api/v1/register,500,Internal Server Error
/api/v1/register,500,Internal Server Error
/api/v1/register,500,Internal Server Error
/api/v1/register,500,Internal Server Error
/api/v1/register,500,Internal Server Error
/api/v1/register,500,Internal Server Error
/api/v1/accounts/**Guid not found,400,Bad Request
/views/directives/freeResource.html,504,GATEWAY_TIMEOUT
/api/v1/accounts/fac978dbf3c33db1:-78a2e901:1607b04c834:1d50/enrollments/MTPN55GQC84F/,504,GATEWAY_TIMEOUT
/partners/partners.json,504,GATEWAY_TIMEOUT
/views/directives/search/product/registerProduct.html,504,GATEWAY_TIMEOUT
/views/directives/search/shared/changeSchool.html,504,GATEWAY_TIMEOUT
/views/directives/search/product/registerCourseKey.html,504,GATEWAY_TIMEOUT
/views/directives/search/course/courseNotFound.html,504,GATEWAY_TIMEOUT
/views/directives/search/shared/changeSchool.html,504,GATEWAY_TIMEOUT
/views/directives/courses/daysLeft.html,504,GATEWAY_TIMEOUT
/api/v1/accounts/240961fcd2970392:244f37b0:1607b04ff90:-74f,504,GATEWAY_TIMEOUT
/api/v1/accounts/240961fcd2970392:244f37b0:1607b04ff90:-6a0,504,GATEWAY_TIMEOUT
/views/directives/search/product/registerProduct.html,504,GATEWAY_TIMEOUT
/api/v1/accounts/ee390253218ddd60:-3434ad07:1607b05804e:-7240/enrollments/MTPPKQ0QT3ZL/,504,GATEWAY_TIMEOUT
/views/directives/search/product/productValidated.html,504,GATEWAY_TIMEOUT
/api/v1/logout,504,GATEWAY_TIMEOUT
/api/v1/logout,504,GATEWAY_TIMEOUT
/api/v1/register,504,GATEWAY_TIMEOUT
/api/v1/public/accounts/checkNewAccount,504,GATEWAY_TIMEOUT
/api/v1/addtocart,504,GATEWAY_TIMEOUT
/api/v1/accounts/2197b401b05306c9:-35084b80:15cce4037b2:-5c53,504,GATEWAY_TIMEOUT
/api/v1/accounts/9111c30c8cbbcbbd:-1f1f98b3:15f90ceac3e:2738/enrollments,504,GATEWAY_TIMEOUT
/api/v1/logout,504,GATEWAY_TIMEOUT
/api/v1,504,GATEWAY_TIMEOUT
/api/v1,504,GATEWAY_TIMEOUT
/api/v1/public/accounts/checkNewAccount,504,GATEWAY_TIMEOUT
/views/footerLinks.html,504,GATEWAY_TIMEOUT
/views/directives/search/shared/congratulations.html,504,GATEWAY_TIMEOUT
/views/footer.html,504,GATEWAY_TIMEOUT
/api/v1/register,500,Internal Server Error
/views/captcha.html,504,GATEWAY_TIMEOUT
/api/v1,504,GATEWAY_TIMEOUT
/views/footerBase.html,504,GATEWAY_TIMEOUT
/views/directives/courses/courseInfo.html,504,GATEWAY_TIMEOUT
/views/directives/search/shared/updateProfile.html,504,GATEWAY_TIMEOUT
/api/v1/sections/MTPNWXGQTGZF/,504,GATEWAY_TIMEOUT
/views/directives/search/course/courseNotFound.html,504,GATEWAY_TIMEOUT
/views/password-retrieval.html,504,GATEWAY_TIMEOUT
/views/password-retrieval.html,504,GATEWAY_TIMEOUT
/api/v1/accounts/**Guid not found,400,Bad Request
/api/v1/register,500,Internal Server Error
/api/v1/register,500,Internal Server Error
/api/v1/register,500,Internal Server Error
/api/v1/register,500,Internal Server Error
/views/directives/courses/courseDisplay.html,504,GATEWAY_TIMEOUT
/api/v1/accounts/ee390253218ddd60:-3434ad07:1607b06c38c:2310/enrollments,504,GATEWAY_TIMEOUT
/views/directives//notifications/notification.html,504,GATEWAY_TIMEOUT
/views/mindtap-grid.html,504,GATEWAY_TIMEOUT
/views/check-email.html,504,GATEWAY_TIMEOUT
/views/partials/studyTools.html,504,GATEWAY_TIMEOUT
/views/directives/courses/courseDisplay.html,504,GATEWAY_TIMEOUT
/api/v1/accounts/76773649e90b5ec1:-41d4ce18:1607b065493:76ec/enrollments/MTPQJJ3QCSW1/,504,GATEWAY_TIMEOUT
/api/v1/register,500,Internal Server Error
/views/directives/search/shared/changeSchool.html,504,GATEWAY_TIMEOUT
/views/directives/search/shared/updateProfile.html,504,GATEWAY_TIMEOUT
/views/directives/search/product/selfStudy.html,504,GATEWAY_TIMEOUT
/api/v1,504,GATEWAY_TIMEOUT
/views/password-retrieval.html,504,GATEWAY_TIMEOUT
/api/v1/public/accounts/checkNewAccount,504,GATEWAY_TIMEOUT
/api/v1,504,GATEWAY_TIMEOUT
/api/v1/logout,504,GATEWAY_TIMEOUT
/api/v1,504,GATEWAY_TIMEOUT
/views/mindtap-static.html,504,GATEWAY_TIMEOUT
/api/v1/logout,504,GATEWAY_TIMEOUT
/api/v1/accounts/4141fd1efe079ad4:-5b5c4482:15f90cb7f71:3c9/enrollments,504,GATEWAY_TIMEOUT
/api/v1/logout,504,GATEWAY_TIMEOUT
/views/directives/courses/daysLeft.html,504,GATEWAY_TIMEOUT
/api/v1/accounts/240961fcd2970392:244f37b0:1607b077be8:-4181,504,GATEWAY_TIMEOUT
/course/MTPNMX2QCNTK,504,GATEWAY_TIMEOUT
/api/v1,504,GATEWAY_TIMEOUT
/api/v1,504,GATEWAY_TIMEOUT
/api/v1,504,GATEWAY_TIMEOUT
/views/directives/search/product/selfStudy.html,504,GATEWAY_TIMEOUT
/views/get-help.html,504,GATEWAY_TIMEOUT
/views/directives/search/product/productContainer.html,504,GATEWAY_TIMEOUT
/api/v1/accounts/fac978dbf3c33db1:-78a2e901:1607b07715d:-3c90,504,GATEWAY_TIMEOUT
/api/v1/accounts/**Guid not found,400,Bad Request
/api/v1/register,500,Internal Server Error
/api/v1/accounts/**Guid not found,400,Bad Request
/api/v1/register,500,Internal Server Error
/api/v1/register,500,Internal Server Error
/api/v1/register,500,Internal Server Error
/api/v1/register,500,Internal Server Error
/api/v1/register,500,Internal Server Error
/api/v1/register,500,Internal Server Error
/api/v1/register,500,Internal Server Error
/api/v1/register,500,Internal Server Error
/api/v1/register,500,Internal Server Error
/api/v1/register,500,Internal Server Error
/api/v1/register,500,Internal Server Error
/api/v1/register,500,Internal Server Error
/views/enrolled-course.html,504,GATEWAY_TIMEOUT
/api/v1/logout,504,GATEWAY_TIMEOUT
/api/v1/logout,504,GATEWAY_TIMEOUT
/api/v1,504,GATEWAY_TIMEOUT
/api/v1/code/MTPNKKPQC266/,504,GATEWAY_TIMEOUT
/api/v1,504,GATEWAY_TIMEOUT
/api/v1/code/ZH5ND09P3JD1PR/,504,GATEWAY_TIMEOUT
/api/v1,504,GATEWAY_TIMEOUT
/api/v1/accounts/ee390253218ddd60:-3434ad07:1607b095452:7e24,504,GATEWAY_TIMEOUT
/api/v1/register,500,Internal Server Error
/views/captcha.html,504,GATEWAY_TIMEOUT
/views/directives/courses/promotions/details/looseLeafDetails.html,504,GATEWAY_TIMEOUT
/views/find-register.html,504,GATEWAY_TIMEOUT
/cb/dologin.htm?method=login,504,GATEWAY_TIMEOUT
/course/MTPNVHLQTWM1,504,GATEWAY_TIMEOUT
/api/v1,504,GATEWAY_TIMEOUT
/api/v1,504,GATEWAY_TIMEOUT
/views/landing.html,504,GATEWAY_TIMEOUT
/views/header.html,504,GATEWAY_TIMEOUT
/views/header.html,504,GATEWAY_TIMEOUT
/views/captcha.html,504,GATEWAY_TIMEOUT
/views/landing.html,504,GATEWAY_TIMEOUT
/views/mindtap-grid.html,504,GATEWAY_TIMEOUT
/api/v1,504,GATEWAY_TIMEOUT
/views/directives/search/shared/updateProfile.html,504,GATEWAY_TIMEOUT
/api/v1/public/accounts/checkNewAccount,504,GATEWAY_TIMEOUT
/views/mindtap-static.html,504,GATEWAY_TIMEOUT
/views/login.html,504,GATEWAY_TIMEOUT
/views/create-account.html,504,GATEWAY_TIMEOUT
/api/v1/accounts/ee390253218ddd60:-3434ad07:1607b0a9642:-5c7b/enrollments,504,GATEWAY_TIMEOUT
/api/v1/logout,504,GATEWAY_TIMEOUT
/api/v1/accounts/ac3d23e13c4ebd79:-65c583e5:15dacc5f8d0:-105b,504,GATEWAY_TIMEOUT
/api/v1,504,GATEWAY_TIMEOUT
/api/v1/register,504,GATEWAY_TIMEOUT
/api/v1/accounts/c6b1f56c98fae05e:-100a2112:15f90d30738:-534e,504,GATEWAY_TIMEOUT
/api/v1/sections/MTPPP5SQTLPL/,504,GATEWAY_TIMEOUT
/api/v1/token,504,GATEWAY_TIMEOUT
/views/directives/search/shared/updateProfile.html,504,GATEWAY_TIMEOUT
/api/v1/register,500,Internal Server Error
/views/footerLinks.html,504,GATEWAY_TIMEOUT
/views/find-register.html,504,GATEWAY_TIMEOUT
/api/v1,504,GATEWAY_TIMEOUT
/api/v1/register,500,Internal Server Error
/api/v1/register,500,Internal Server Error
/api/v1,504,GATEWAY_TIMEOUT
/api/v1/register,504,GATEWAY_TIMEOUT
/views/directives/courses/daysLeft.html,504,GATEWAY_TIMEOUT
/api/v1,504,GATEWAY_TIMEOUT
/_cmp/session,504,GATEWAY_TIMEOUT
/views/directives/search/shared/congratulations.html,504,GATEWAY_TIMEOUT
/views/directives/search/product/registerProduct.html,504,GATEWAY_TIMEOUT
/api/v1,504,GATEWAY_TIMEOUT
/api/v1/accounts/fac978dbf3c33db1:-78a2e901:1607b0b52b3:-49ef/enrollments,504,GATEWAY_TIMEOUT
/api/v1/accounts/ac3d23e13c4ebd79:-65c583e5:15dacb50ead:6da/enrollments,504,GATEWAY_TIMEOUT
/api/v1/register,500,Internal Server Error
/api/v1/logout,504,GATEWAY_TIMEOUT
/api/v1/logout,504,GATEWAY_TIMEOUT
/views/directives/search/shared/changeSchool.html,504,GATEWAY_TIMEOUT
/api/v1/register,500,Internal Server Error
/views/login.html,504,GATEWAY_TIMEOUT
/views/footerLinks.html,504,GATEWAY_TIMEOUT
/api/v1/accounts/ac3d23e13c4ebd79:-65c583e5:15dacbd3763:46b4/entitlements,504,GATEWAY_TIMEOUT
/api/v1/logout,504,GATEWAY_TIMEOUT
/api/v1/logout,504,GATEWAY_TIMEOUT
/api/v1/logout,504,GATEWAY_TIMEOUT
/views/purchase/templates/addToCartModalSpinner.html,504,GATEWAY_TIMEOUT
/api/v1,504,GATEWAY_TIMEOUT
/api/v1/logout,504,GATEWAY_TIMEOUT
/api/v1/accounts/fac978dbf3c33db1:-78a2e901:1607b0b52b3:-31b7/enrollments,504,GATEWAY_TIMEOUT
/course/MTPP7HXQT1TF,504,GATEWAY_TIMEOUT
/api/v1/token,504,GATEWAY_TIMEOUT
/api/v1/register,500,Internal Server Error
/api/v1/register,500,Internal Server Error
/api/v1/register,500,Internal Server Error
/api/v1/register,500,Internal Server Error
/api/v1/register,500,Internal Server Error
/api/v1/accounts/**Guid not found,400,Bad Request
/api/v1/accounts/**Guid not found,400,Bad Request
/api/v1/register,500,Internal Server Error
/api/v1/register,500,Internal Server Error
/api/v1/register,500,Internal Server Error
/api/v1/register,500,Internal Server Error
/api/v1/accounts/**Guid not found,400,Bad Request
/api/v1/register,500,Internal Server Error
/api/v1/register,500,Internal Server Error
/api/v1/public/accounts/checkNewAccount,400,Bad Request
/api/v1/register,500,Internal Server Error
/api/v1/register,500,Internal Server Error
/api/v1/register,500,Internal Server Error
/api/v1/register,500,Internal Server Error
/api/v1/register,500,Internal Server Error
/api/v1/register,500,Internal Server Error
/api/v1/register,500,Internal Server Error
/api/v1/register,500,Internal Server Error
/api/v1/register,500,Internal Server Error
/api/v1/register,500,Internal Server Error
/api/v1/accounts/**Guid not found,400,Bad Request
/api/v1/register,500,Internal Server Error
/api/v1/accounts/**Guid not found,400,Bad Request
/api/v1/register,500,Internal Server Error
/api/v1,500,Internal Server Error
/api/v1,500,Internal Server Error
/api/v1/register,500,Internal Server Error
/api/v1/register,500,Internal Server Error
/api/v1/register,500,Internal Server Error
/api/v1/register,500,Internal Server Error
/api/v1/register,500,Internal Server Error
/api/v1,404,Not Found
/api/v1/register,500,Internal Server Error
/api/v1/accounts/**Guid not found,400,Bad Request
/api/v1/register,500,Internal Server Error
/api/v1/register,500,Internal Server Error
/api/v1/register,500,Internal Server Error
/api/v1,500,Internal Server Error
/api/v1,500,Internal Server Error
/api/v1/register,500,Internal Server Error
/api/v1/register,500,Internal Server Error
/api/v1/public/accounts/checkNewAccount,500,Internal Server Error
/api/v1,500,Internal Server Error
/api/v1,500,Internal Server Error
/api/v1/register,500,Internal Server Error
/api/v1/register,500,Internal Server Error
/api/v1/register,500,Internal Server Error
/api/v1/register,500,Internal Server Error
/api/v1/register,500,Internal Server Error
/api/v1/register,500,Internal Server Error
/api/v1/register,500,Internal Server Error
/api/v1/register,500,Internal Server Error
/api/v1/register,500,Internal Server Error
/api/v1/register,500,Internal Server Error
/api/v1/register,500,Internal Server Error
/api/v1/public/accounts/checkNewAccount,500,Internal Server Error
/api/v1/public/accounts/checkNewAccount,500,Internal Server Error
/api/v1/register,500,Internal Server Error
/api/v1/register,500,Internal Server Error
/api/v1/register,500,Internal Server Error
/api/v1/register,500,Internal Server Error
/api/v1/register,500,Internal Server Error
/api/v1/public/accounts/checkNewAccount,500,Internal Server Error
/api/v1,500,Internal Server Error
/api/v1/register,500,Internal Server Error
/api/v1/register,500,Internal Server Error
/api/v1/register,500,Internal Server Error
/api/v1/register,500,Internal Server Error
/api/v1/code/MTPPKH1QTFMF/,400,Bad Request
/api/v1/register,500,Internal Server Error
/api/v1/register,500,Internal Server Error
/api/v1,500,Internal Server Error
/api/v1,500,Internal Server Error
/api/v1,500,Internal Server Error
/api/v1/register,500,Internal Server Error
/api/v1,500,Internal Server Error
/api/v1,500,Internal Server Error
/api/v1,500,Internal Server Error
/api/v1,500,Internal Server Error
/api/v1/register,500,Internal Server Error
/api/v1,500,Internal Server Error
/api/v1,500,Internal Server Error
/api/v1/public/accounts/checkNewAccount,500,Internal Server Error
/api/v1/register,500,Internal Server Error
/api/v1/public/accounts/checkNewAccount,500,Internal Server Error
/api/v1/register,500,Internal Server Error
/api/v1/register,500,Internal Server Error
/api/v1/register,500,Internal Server Error
/api/v1,500,Internal Server Error
/api/v1,500,Internal Server Error
/api/v1,500,Internal Server Error
/api/v1,500,Internal Server Error
/api/v1,500,Internal Server Error
/api/v1,500,Internal Server Error
/api/v1,500,Internal Server Error
/api/v1,500,Internal Server Error
/api/v1,500,Internal Server Error
/api/v1/register,500,Internal Server Error
/api/v1/public/accounts/checkNewAccount,500,Internal Server Error
/api/v1,500,Internal Server Error
/api/v1/public/accounts/checkNewAccount,500,Internal Server Error
/api/v1/register,500,Internal Server Error
/api/v1,500,Internal Server Error
/api/v1/register,500,Internal Server Error
/api/v1/register,500,Internal Server Error
/api/v1/register,500,Internal Server Error
/api/v1/public/accounts/checkNewAccount,500,Internal Server Error
/api/v1/register,500,Internal Server Error
/api/v1/register,500,Internal Server Error
/api/v1,500,Internal Server Error
/api/v1/register,500,Internal Server Error
/api/v1/public/accounts/checkNewAccount,500,Internal Server Error
/api/v1/register,500,Internal Server Error
/api/v1/register,500,Internal Server Error
/api/v1/accounts/**Guid not found,400,Bad Request
/api/v1/register,500,Internal Server Error
/api/v1/addtocart,400,Bad Request
/api/v1/register,500,Internal Server Error
/api/v1/register,500,Internal Server Error
/api/v1/accounts/**Guid not found,400,Bad Request
/api/v1/accounts/**Guid not found,400,Bad Request
/api/v1/register,500,Internal Server Error
/api/v1/register,500,Internal Server Error
/api/v1/register,500,Internal Server Error
/api/v1/register,500,Internal Server Error
/api/v1/register,500,Internal Server Error
/api/v1/register,500,Internal Server Error
/api/v1/register,500,Internal Server Error
/api/v1/register,500,Internal Server Error
/api/v1/register,500,Internal Server Error
/api/v1/register,500,Internal Server Error
/api/v1/register,500,Internal Server Error
/api/v1/accounts/**Guid not found,400,Bad Request
/api/v1/register,500,Internal Server Error
/api/v1/register,500,Internal Server Error
/api/v1/register,500,Internal Server Error
/api/v1/accounts/**Guid not found,400,Bad Request
/api/v1/register,500,Internal Server Error
/api/v1/accounts/**Guid not found,400,Bad Request
/api/v1/register,500,Internal Server Error
/api/v1/register,500,Internal Server Error
/api/v1/register,500,Internal Server Error
/api/v1/register,500,Internal Server Error
/api/v1/register,500,Internal Server Error
/api/v1/accounts/**Guid not found,400,Bad Request
/api/v1/register,500,Internal Server Error
/api/v1/register,500,Internal Server Error
/api/v1/register,500,Internal Server Error
/api/v1/register,500,Internal Server Error
/api/v1/register,500,Internal Server Error
/api/v1/register,500,Internal Server Error
/api/v1/register,500,Internal Server Error
/api/v1/register,500,Internal Server Error
/api/v1/register,500,Internal Server Error
/api/v1/register,500,Internal Server Error
/api/v1/register,500,Internal Server Error
/api/v1/register,500,Internal Server Error
/api/v1/register,500,Internal Server Error
/api/v1/register,500,Internal Server Error
/api/v1/register,500,Internal Server Error
/api/v1/register,500,Internal Server Error
/api/v1/register,500,Internal Server Error
/api/v1/register,500,Internal Server Error
/api/v1/register,500,Internal Server Error
/api/v1/register,500,Internal Server Error
/api/v1/register,500,Internal Server Error
/api/v1/register,500,Internal Server Error
/api/v1/register,500,Internal Server Error
/api/v1/register,500,Internal Server Error
/api/v1/register,500,Internal Server Error
